epoch,loss
1,8.634069343673987
2,8.070209839470271
3,7.779290132782333
4,7.705198038045183
5,7.611885374048027
6,7.533851502657082
7,7.390158564196951
8,7.310010842520946
9,7.261739748357203
10,7.21930420699819
11,7.173531064120866
