epoch,loss
1,7.639049389307193
2,7.048399147179094
3,6.895984068594542
